{"cameraMode":{"drawMode":0,"name":"Shaded","section":"Shading Mode"},"sceneLighting":true,"audioPlay":false,"sceneViewState":{"showFog":true,"showMaterialUpdate":false,"showSkybox":true,"showFlares":true,"showImageEffects":true,"showParticleSystems":true},"in2DMode":false,"pivot":{"x":-266.13385009765627,"y":335.0,"z":1263.554443359375},"rotation":{"x":-0.12213803082704544,"y":0.7173336744308472,"z":-0.1300887167453766,"w":-0.6734921932220459},"size":306.5884704589844,"orthographic":false}