{"cameraMode":{"drawMode":0,"name":"Shaded","section":"Shading Mode"},"sceneLighting":true,"audioPlay":false,"sceneViewState":{"showFog":true,"showMaterialUpdate":false,"showSkybox":true,"showFlares":true,"showImageEffects":true,"showParticleSystems":true},"in2DMode":false,"pivot":{"x":-61.98358154296875,"y":477.1011047363281,"z":1387.4107666015625},"rotation":{"x":-0.06765678524971008,"y":0.9202362298965454,"z":-0.3388674557209015,"w":-0.18373027443885804},"size":89.03598022460938,"orthographic":false}