{"cameraMode":{"drawMode":0,"name":"Shaded","section":"Shading Mode"},"sceneLighting":true,"audioPlay":false,"sceneViewState":{"showFog":true,"showMaterialUpdate":false,"showSkybox":true,"showFlares":true,"showImageEffects":true,"showParticleSystems":true},"in2DMode":false,"pivot":{"x":-255.4462890625,"y":243.54205322265626,"z":1126.845703125},"rotation":{"x":0.02310594543814659,"y":0.9579417109489441,"z":-0.2744235694408417,"w":0.08065696805715561},"size":376.702880859375,"orthographic":false}