{"cameraMode":{"drawMode":0,"name":"Shaded","section":"Shading Mode"},"sceneLighting":true,"audioPlay":false,"sceneViewState":{"showFog":true,"showMaterialUpdate":false,"showSkybox":true,"showFlares":true,"showImageEffects":true,"showParticleSystems":true},"in2DMode":false,"pivot":{"x":6.0880327224731449,"y":6.482174873352051,"z":-2022.2003173828125},"rotation":{"x":0.06539573520421982,"y":-0.32863178849220278,"z":0.022816170006990434,"w":0.9419150948524475},"size":22.0,"orthographic":false}